{
  "entity_university": {
    "precision": 0.9973753280839895,
    "recall": 0.979381443298969,
    "f1-score": 0.988296488946684,
    "support": 388,
    "confused_with": {}
  },
  "entity_university_id": {
    "precision": 1.0,
    "recall": 1.0,
    "f1-score": 1.0,
    "support": 10,
    "confused_with": {}
  },
  "entity_major": {
    "precision": 1.0,
    "recall": 0.9669811320754716,
    "f1-score": 0.9832134292565947,
    "support": 212,
    "confused_with": {}
  },
  "entity_combine": {
    "precision": 1.0,
    "recall": 1.0,
    "f1-score": 1.0,
    "support": 15,
    "confused_with": {}
  },
  "entity_macro_region": {
    "precision": 1.0,
    "recall": 1.0,
    "f1-score": 1.0,
    "support": 12,
    "confused_with": {}
  },
  "entity_year": {
    "precision": 1.0,
    "recall": 0.8461538461538461,
    "f1-score": 0.9166666666666666,
    "support": 26,
    "confused_with": {}
  },
  "entity_score": {
    "precision": 1.0,
    "recall": 1.0,
    "f1-score": 1.0,
    "support": 19,
    "confused_with": {}
  },
  "entity_province": {
    "precision": 1.0,
    "recall": 0.9824561403508771,
    "f1-score": 0.9911504424778761,
    "support": 57,
    "confused_with": {}
  },
  "micro avg": {
    "precision": 0.9986111111111111,
    "recall": 0.972936400541272,
    "f1-score": 0.9856065798492119,
    "support": 739
  },
  "macro avg": {
    "precision": 0.9996719160104988,
    "recall": 0.9718715702348955,
    "f1-score": 0.9849158784184777,
    "support": 739
  },
  "weighted avg": {
    "precision": 0.9986219584527577,
    "recall": 0.972936400541272,
    "f1-score": 0.9854251600382731,
    "support": 739
  }
}