{
  "entity_score": {
    "precision": 1.0,
    "recall": 1.0,
    "f1-score": 1.0,
    "support": 13
  },
  "entity_university_id": {
    "precision": 1.0,
    "recall": 1.0,
    "f1-score": 1.0,
    "support": 10
  },
  "entity_macro_region": {
    "precision": 1.0,
    "recall": 1.0,
    "f1-score": 1.0,
    "support": 10
  },
  "entity_province": {
    "precision": 1.0,
    "recall": 0.9777777777777777,
    "f1-score": 0.9887640449438202,
    "support": 45
  },
  "entity_major": {
    "precision": 0.9935483870967742,
    "recall": 0.9506172839506173,
    "f1-score": 0.971608832807571,
    "support": 162
  },
  "entity_year": {
    "precision": 1.0,
    "recall": 0.75,
    "f1-score": 0.8571428571428571,
    "support": 12
  },
  "entity_university": {
    "precision": 1.0,
    "recall": 0.9395973154362416,
    "f1-score": 0.9688581314878892,
    "support": 298
  },
  "entity_combine": {
    "precision": 1.0,
    "recall": 1.0,
    "f1-score": 1.0,
    "support": 8
  },
  "micro avg": {
    "precision": 0.998109640831758,
    "recall": 0.946236559139785,
    "f1-score": 0.9714811407543699,
    "support": 558
  },
  "macro avg": {
    "precision": 0.9991935483870968,
    "recall": 0.9522490471455796,
    "f1-score": 0.9732967332977671,
    "support": 558
  },
  "weighted avg": {
    "precision": 0.998126951092612,
    "recall": 0.946236559139785,
    "f1-score": 0.9711477605849529,
    "support": 558
  }
}